wall_time,step,value
1739278397.0586913,337104896,-25.376182556152344
1739278407.0591269,337309696,-24.59210205078125
1739278417.0596805,337571840,-24.67641830444336
1739278427.0588686,337827840,-24.712858200073242
1739278437.0619342,338036736,-24.580141067504883
1739278447.058369,338304000,-25.66959571838379
1739278457.060371,338568192,-25.692373275756836
1739278467.2129993,338786304,-26.134666442871094
1739278477.0629745,339026944,-25.55776596069336
1739278487.0581005,339280896,-24.384557723999023
1739278497.0598283,339534848,-25.952159881591797
1739278507.0599153,339732480,-25.830810546875
1739278517.0611129,339990528,-27.328977584838867
1739278527.0615485,340244480,-25.607223510742188
1739278537.0630682,340444160,-25.331087112426758
1739278547.0594378,340700160,-24.86301612854004
1739278557.0600576,340954112,-26.351776123046875
1739278567.0618382,341201920,-25.28658676147461
1739278577.057868,341406720,-24.913923263549805
1739278587.0598183,341662720,-24.478944778442383
1739278597.0604517,341912576,-24.381410598754883
1739278607.0639033,342109184,-24.236339569091797
1739278617.0596118,342368256,-25.117645263671875
1739278627.060184,342619136,-25.819660186767578
1739278637.1417122,342829056,-25.817352294921875
1739278647.0595064,343084032,-26.16656494140625
1739278657.060964,343347200,-26.23456382751465
1739278667.0625415,343602176,-27.083066940307617
1739278677.0609214,343808000,-26.095531463623047
1739278687.0596154,344075264,-26.26325225830078
1739278697.0610607,344335360,-26.387250900268555
1739278707.0623877,344544256,-27.07959747314453
1739278717.0629227,344803328,-26.001432418823242
1739278727.0607495,345061376,-26.76602554321289
1739278737.0613933,345319424,-27.2913875579834
1739278747.0593836,345533440,-28.508548736572266
1739278757.0616145,345791488,-27.557893753051758
1739278767.0618286,346050560,-26.55820655822754
1739278777.0590897,346268672,-26.325031280517578
1739278787.058767,346526720,-26.700754165649414
1739278797.0614247,346784768,-27.20108985900879
1739278807.13828,346997760,-26.52217674255371
1739278817.059471,347251712,-27.71504020690918
1739278827.0596647,347510784,-27.07486343383789
1739278837.0605412,347771904,-26.52434730529785
1739278847.061414,347984896,-26.040084838867188
1739278857.0625687,348244992,-25.957481384277344
1739278867.0593112,348500992,-26.026132583618164
1739278877.0604339,348717056,-26.195537567138672
1739278887.0595293,348974080,-26.810365676879883
1739278897.0610473,349229056,-27.022632598876953
1739278907.0598888,349487104,-27.191537857055664
1739278917.0603297,349702144,-26.019838333129883
1739278927.062241,349958144,-25.24919319152832
1739278937.059931,350215168,-25.223270416259766
1739278947.0608253,350431232,-25.327804565429688
1739278957.0599663,350689280,-27.252286911010742
1739278967.0620108,350942208,-26.985515594482422
1739278977.0602174,351160320,-26.999950408935547
1739278987.0591073,351418368,-26.24513816833496
1739278997.0588377,351676416,-26.468629837036133
1739279007.0599437,351936512,-26.388469696044922
1739279017.0599077,352151552,-26.539932250976562
1739279027.0593207,352412672,-25.809589385986328
1739279037.0621648,352671744,-27.290019989013672
1739279047.0618372,352889856,-26.71503448486328
1739279057.0604253,353147904,-26.209993362426758
1739279067.0604792,353409024,-25.81227684020996
1739279078.7678194,353668096,-26.00776481628418
1739279087.0612059,353885184,-26.306726455688477
1739279097.0619094,354144256,-26.75355339050293
1739279107.0582175,354400256,-26.314502716064453
1739279117.061737,354613248,-26.382047653198242
1739279127.059348,354874368,-25.61090850830078
1739279137.058968,355129344,-25.90020751953125
1739279147.061504,355342336,-26.70737075805664
1739279157.0610209,355602432,-28.403228759765625
1739279167.0597253,355860480,-27.8660831451416
1739279177.069886,356124672,-26.169137954711914
1739279187.058643,356345856,-25.65983009338379
1739279197.0597222,356608000,-26.205942153930664
1739279207.0598056,356870144,-27.56186294555664
1739279217.060201,357086208,-26.42041778564453
1739279227.0595102,357347328,-26.313894271850586
1739279237.061245,357607424,-27.31447982788086
1739279247.061255,357866496,-28.406597137451172
1739279257.0609653,358115328,-29.902240753173828
1739279267.059556,358282240,-28.73093605041504
1739279277.05927,358529024,-27.72295379638672
1739279287.0634096,358789120,-27.053401947021484
1739279298.4773424,359034880,-27.882553100585938
1739279307.0611463,359262208,-28.330265045166016
1739279317.0611906,359522304,-28.938232421875
1739279327.0608013,359782400,-28.29596710205078
1739279337.0627415,359995392,-27.9721622467041
1739279347.0602503,360246272,-27.67811393737793
1739279357.0587988,360483840,-27.61564064025879
1739279367.0604746,360698880,-27.326740264892578
1739279377.061578,360954880,-27.430578231811523
1739279387.0616362,361221120,-27.344921112060547
1739279397.0597017,361479168,-27.582408905029297
1739279407.0626202,361693184,-28.98129653930664
1739279417.0586653,361948160,-30.425554275512695
1739279427.0613089,362199040,-30.535707473754883
1739279437.059849,362394624,-28.387046813964844
1739279447.060883,362629120,-28.055545806884766
1739279457.062048,362880000,-27.830198287963867
1739279468.1327775,363114496,-28.268476486206055
1739279477.058862,363343872,-27.99803924560547
1739279487.0611303,363600896,-28.39144515991211
1739279497.0605767,363853824,-27.67844009399414
1739279507.0606356,364065792,-28.483015060424805
1739279517.0592768,364315648,-28.399831771850586
1739279527.0597622,364571648,-29.034988403320312
1739279537.0603094,364779520,-29.080245971679688
1739279547.0607615,365034496,-29.222042083740234
1739279557.0599687,365292544,-28.65420913696289
1739279567.0617774,365553664,-28.044050216674805
1739279577.0616353,365766656,-27.158239364624023
1739279587.060435,366025728,-27.831796646118164
1739279597.0605624,366284800,-29.65826416015625
1739279607.0602796,366495744,-29.831195831298828
1739279617.0605798,366748672,-28.69266128540039
1739279627.060293,367011840,-27.47764015197754
1739279637.8960392,367248384,-26.433433532714844
1739279647.0644124,367478784,-26.06650733947754
1739279657.0597143,367737856,-27.578840255737305
1739279667.0623713,367998976,-28.18320655822754
1739279677.0596557,368210944,-28.586912155151367
1739279687.060863,368467968,-26.968603134155273
1739279697.0619717,368731136,-27.06207275390625
1739279707.0586483,368944128,-26.79098892211914
1739279717.0609999,369200128,-26.759471893310547
1739279727.0599604,369460224,-27.67466926574707
1739279737.061189,369723392,-27.06884002685547
1739279747.060184,369938432,-27.688838958740234
1739279757.0610466,370201600,-27.233583450317383
1739279767.0597014,370460672,-27.926250457763672
1739279777.058133,370665472,-28.61933135986328
1739279787.0594695,370932736,-27.92644500732422
1739279797.0611167,371194880,-28.398080825805664
1739279807.7382102,371421184,-27.38300323486328
1739279817.0619662,371649536,-28.364727020263672
1739279827.0625808,371898368,-27.21964454650879
1739279837.0611045,372145152,-27.90922737121582
1739279847.060165,372343808,-28.210927963256836
1739279857.0596933,372613120,-28.361604690551758
1739279867.0634675,372878336,-28.39386558532715
1739279877.062279,373086208,-28.011383056640625
1739279887.0587597,373348352,-28.378358840942383
1739279897.0605118,373609472,-28.9526424407959
1739279907.060547,373866496,-29.19439697265625
1739279917.0611966,374065152,-28.529842376708984
1739279927.065032,374322176,-27.731203079223633
1739279937.0635867,374562816,-27.77919578552246
1739279947.061515,374771712,-27.529085159301758
1739279957.0566027,375038976,-27.652687072753906
1739279967.0593522,375300096,-27.387310028076172
1739279977.8562,375528448,-27.635082244873047
1739279987.0596442,375768064,-28.317546844482422
1739279997.0612597,376033280,-28.737916946411133
1739280007.060116,376288256,-29.81382179260254
1739280017.0614915,376492032,-29.614486694335938
1739280027.0601504,376753152,-28.280967712402344
1739280037.0598912,377009152,-28.612913131713867
1739280047.060721,377214976,-28.711530685424805
1739280057.0605142,377479168,-29.770423889160156
1739280067.059731,377741312,-30.10309600830078
1739280077.0606322,377989120,-29.81549835205078
1739280087.0624893,378195968,-29.373859405517578
1739280097.0620148,378458112,-29.065954208374023
1739280107.0609663,378719232,-28.988279342651367
1739280117.059667,378920960,-28.228984832763672
1739280127.0605485,379174912,-28.569326400756836
1739280137.0580056,379428864,-28.393129348754883
1739280147.851216,379658240,-28.97427749633789
1739280157.0584106,379893760,-30.184219360351562
1739280167.0618021,380144640,-29.427623748779297
1739280177.0576775,380399616,-29.79253387451172
1739280187.061559,380610560,-29.066051483154297
1739280197.0609562,380866560,-28.8250789642334
1739280207.0586586,381127680,-29.67502784729004
1739280217.0586424,381342720,-30.67598533630371
1739280227.0608673,381599744,-29.934062957763672
1739280237.0604558,381856768,-28.703189849853516
1739280247.0610998,382099456,-28.400714874267578
1739280257.0627553,382297088,-28.00801658630371
1739280267.0607715,382551040,-28.1900691986084
1739280277.0578215,382809088,-28.571115493774414
1739280287.0587883,383029248,-29.61684799194336
1739280297.0603285,383295488,-28.95682716369629
1739280307.0603685,383555584,-29.27774429321289
1739280317.5507174,383784960,-28.45088768005371
1739280327.0611866,384031744,-29.624746322631836
1739280337.0617082,384274432,-29.521087646484375
1739280347.060986,384527360,-29.355073928833008
1739280357.059894,384742400,-28.79583740234375
1739280367.065947,384990208,-30.195964813232422
1739280377.061457,385226752,-29.90816879272461
1739280387.0595956,385428480,-30.868148803710938
1739280397.0621376,385688576,-30.593284606933594
1739280407.060606,385945600,-30.176958084106445
1739280417.0609882,386203648,-29.775419235229492
1739280427.0601678,386420736,-29.642213821411133
1739280437.0575004,386680832,-29.82964324951172
1739280447.0594535,386940928,-30.046363830566406
1739280457.0597458,387156992,-30.015506744384766
1739280467.0614204,387414016,-31.027509689331055
1739280477.0600133,387663872,-30.87174415588379
1739280487.2735503,387870720,-31.380849838256836
1739280497.0619626,388115456,-30.832111358642578
1739280507.059704,388363264,-31.27943992614746
1739280517.0656097,388596736,-31.04970932006836
1739280527.05967,388810752,-30.251148223876953
1739280537.0615265,389074944,-29.41215705871582
1739280547.05969,389335040,-28.069509506225586
1739280557.061099,389544960,-27.597837448120117
1739280567.065917,389801984,-28.088159561157227
1739280577.061171,390056960,-28.823265075683594
1739280587.06069,390309888,-28.72675323486328
1739280597.0602674,390529024,-28.81766128540039
1739280607.057812,390789120,-29.295000076293945
1739280617.0595646,391044096,-29.21803092956543
1739280627.0594156,391244800,-30.05068588256836
1739280637.0603678,391491584,-29.379831314086914
1739280647.0580614,391744512,-29.968347549438477
1739280657.0779853,391956480,-29.437206268310547
1739280667.0591161,392210432,-29.430233001708984
1739280677.0605154,392466432,-30.986587524414062
1739280687.060795,392718336,-30.77543067932129
1739280697.0600638,392934400,-30.87128448486328
1739280707.0607083,393189376,-29.75079917907715
1739280717.0613425,393444352,-30.603662490844727
1739280727.059264,393652224,-31.271249771118164
1739280737.0627723,393906176,-30.231521606445312
1739280747.063083,394160128,-29.534820556640625
1739280757.062658,394416128,-29.793073654174805
1739280767.059808,394627072,-29.905414581298828
1739280777.0605583,394895360,-30.328752517700195
1739280787.0596185,395154432,-28.984098434448242
1739280797.060193,395367424,-29.0157470703125
1739280807.0631673,395632640,-29.160030364990234
1739280817.0608537,395894784,-30.687664031982422
1739280827.0614202,396107776,-31.675424575805664
1739280837.0616176,396362752,-31.408123016357422
1739280847.0591388,396624896,-31.470760345458984
1739280857.0604756,396879872,-31.307300567626953
1739280867.0613573,397090816,-30.27167320251465
1739280877.0604932,397346816,-30.573165893554688
1739280887.0617738,397603840,-28.782400131225586
1739280897.0613384,397810688,-28.66570472717285
1739280907.0608077,398065664,-28.79478645324707
1739280917.0575616,398327808,-29.900571823120117
1739280927.0624776,398578688,-31.146020889282227
1739280937.060493,398790656,-30.679229736328125
1739280947.0597465,399053824,-28.836326599121094
1739280957.0606513,399313920,-28.31889533996582
1739280967.0613275,399527936,-28.80303955078125
1739280977.0609963,399793152,-30.594247817993164
1739280987.0618737,400059392,-30.951297760009766
1739280997.0620337,400272384,-30.186403274536133
1739281007.058372,400532480,-30.16731834411621
1739281017.0658433,400797696,-30.620376586914062
1739281027.0615933,401054720,-30.96476936340332
1739281037.0599482,401256448,-30.14856719970703
1739281047.05844,401526784,-28.97862434387207
1739281057.060746,401787904,-28.718305587768555
1739281067.061456,401994752,-30.47415542602539
1739281077.0609362,402259968,-31.62388038635254
1739281087.0609927,402525184,-33.07492446899414
1739281097.0597844,402781184,-30.87898826599121
1739281107.0579002,402990080,-30.87747573852539
1739281117.062162,403257344,-29.52880859375
1739281127.0600338,403518464,-29.275224685668945
1739281137.0598562,403723264,-29.011444091796875
1739281147.062162,403988480,-28.7381591796875
1739281157.0601275,404253696,-30.2397403717041
1739281167.069519,404460544,-30.564186096191406
1739281177.0572278,404724736,-32.76026153564453
1739281187.0599852,404984832,-30.98880958557129
1739281197.0627275,405243904,-31.394899368286133
1739281207.0644524,405457920,-30.820764541625977
1739281217.061537,405716992,-30.829492568969727
1739281227.0598235,405976064,-30.369293212890625
1739281237.0625656,406191104,-30.471946716308594
1739281247.0590942,406449152,-30.152772903442383
1739281257.062699,406705152,-31.046485900878906
1739281267.0606613,406964224,-31.682937622070312
1739281277.0622,407180288,-32.685340881347656
1739281287.0600855,407439360,-31.667606353759766
1739281297.06046,407695360,-29.387054443359375
1739281307.0610018,407915520,-29.194210052490234
1739281317.0622768,408173568,-30.395538330078125
1739281327.060609,408432640,-31.68677520751953
1739281337.098229,408651776,-31.883312225341797
1739281347.059673,408909824,-31.043720245361328
1739281357.0597222,409168896,-30.690467834472656
1739281367.0635018,409424896,-31.245494842529297
1739281377.0578363,409635840,-31.19889259338379
1739281387.059566,409892864,-31.482654571533203
1739281397.059817,410149888,-30.1707820892334
1739281407.0616496,410358784,-30.587465286254883
1739281417.0618792,410616832,-30.482572555541992
1739281427.0607014,410872832,-31.54636001586914
1739281437.0627916,411129856,-32.39115905761719
1739281447.0638213,411341824,-32.59206008911133
1739281457.061851,411599872,-32.51596450805664
1739281467.060404,411858944,-31.90717315673828
1739281477.0590343,412071936,-31.359455108642578
1739281487.0614157,412331008,-30.89680290222168
1739281497.0610974,412585984,-30.737689971923828
1739281507.0587332,412801024,-32.050392150878906
1739281517.0695078,413057024,-32.35902404785156
1739281527.0690491,413312000,-31.760316848754883
1739281537.060697,413564928,-31.507572174072266
1739281547.0590057,413780992,-31.486745834350586
1739281557.0613399,414041088,-32.73549270629883
1739281567.059093,414300160,-32.196407318115234
1739281577.0612555,414512128,-31.07341957092285
1739281587.0603108,414770176,-31.652589797973633
1739281597.061632,415029248,-30.833383560180664
1739281607.059011,415287296,-30.684144973754883
1739281617.0604382,415500288,-30.738555908203125
1739281627.0624175,415758336,-31.36488914489746
1739281637.059096,416010240,-32.503387451171875
1739281647.0598707,416216064,-31.623445510864258
1739281657.0622323,416468992,-29.825960159301758
1739281667.061214,416730112,-30.46156120300293
1739281677.0649033,416946176,-30.516109466552734
1739281687.0604794,417210368,-32.454681396484375
1739281697.058922,417465344,-32.287261962890625
1739281707.062711,417720320,-31.895410537719727
1739281717.0601158,417940480,-32.39830017089844
1739281727.0647185,418197504,-32.44180679321289
1739281737.060222,418452480,-33.24611282348633
1739281747.0586617,418670592,-32.38230895996094
1739281757.0600312,418931712,-32.36011505126953
1739281767.0605035,419187712,-32.467689514160156
1739281778.7711182,419447808,-31.893314361572266
1739281787.0612218,419659776,-32.456546783447266
1739281797.0597725,419918848,-31.560806274414062
1739281807.0619586,420176896,-32.4367561340332
1739281817.0621717,420393984,-31.724632263183594
1739281827.0637522,420644864,-31.323854446411133
1739281837.0615435,420903936,-30.7222843170166
1739281847.0602295,421121024,-31.830490112304688
1739281857.062186,421383168,-32.214073181152344
1739281867.0633707,421643264,-32.775421142578125
1739281877.0713089,421901312,-31.904783248901367
1739281887.061727,422117376,-32.20758819580078
1739281897.0592413,422375424,-31.622285842895508
1739281907.0579817,422636544,-31.357057571411133
1739281917.0592258,422851584,-29.64960289001465
1739281927.059893,423109632,-31.13543128967285
1739281937.0598376,423370752,-31.440357208251953
1739281948.798494,423627776,-32.06515884399414
1739281957.0598538,423842816,-32.4603271484375
1739281967.0584385,424103936,-32.37956619262695
1739281977.0613604,424366080,-32.47816467285156
1739281987.0603497,424578048,-33.637542724609375
1739281997.061332,424839168,-32.82859802246094
1739282007.059925,425099264,-32.93660354614258
1739282017.0598059,425308160,-32.877838134765625
1739282027.061526,425562112,-33.61898422241211
1739282037.0602522,425827328,-32.1849250793457
1739282047.060169,426087424,-31.825851440429688
1739282057.0606272,426298368,-32.11037826538086
1739282067.0574658,426559488,-31.9865665435791
1739282077.0619648,426823680,-33.428897857666016
1739282087.0608976,427035648,-33.88308334350586
1739282097.0595706,427295744,-32.78028106689453
1739282107.0585945,427556864,-32.97929000854492
1739282117.0613275,427814912,-33.089359283447266
1739282127.0618834,428014592,-32.92737579345703
1739282137.0604296,428277760,-32.15432357788086
1739282147.0591311,428540928,-31.409759521484375
1739282157.061092,428737536,-29.814224243164062
1739282167.0650046,428983296,-30.042936325073242
1739282177.059759,429250560,-31.331281661987305
1739282187.0631871,429427712,-31.909835815429688
1739282197.063143,429681664,-32.795196533203125
1739282207.059497,429950976,-33.04277801513672
1739282217.0606725,430218240,-32.74382781982422
1739282227.060456,430424064,-31.78693962097168
1739282237.058383,430698496,-31.447128295898438
1739282247.0601394,430957568,-31.860008239746094
1739282257.0612884,431166464,-31.87077522277832
1739282267.0600631,431429632,-32.57752990722656
1739282277.0635798,431695872,-32.07221984863281
1739282287.062775,431956992,-31.20702362060547
1739282297.0613577,432166912,-30.789396286010742
1739282307.0598233,432435200,-29.512521743774414
1739282317.0612934,432688128,-30.506179809570312
1739282327.061068,432893952,-30.718618392944336
1739282337.0582502,433159168,-32.13840103149414
1739282347.0620112,433426432,-33.25497055053711
1739282357.5363815,433645568,-34.413448333740234
1739282367.0591857,433881088,-33.886966705322266
1739282377.0593982,434137088,-33.21874237060547
1739282387.0593765,434377728,-32.65669250488281
1739282397.0609877,434578432,-32.7838020324707
1739282407.0585597,434789376,-31.68878936767578
1739282417.0606487,435041280,-31.26170539855957
1739282427.0606008,435245056,-31.579212188720703
1739282437.0596824,435501056,-32.69325637817383
1739282447.0594397,435762176,-32.839073181152344
1739282457.059165,436024320,-32.49885940551758
1739282467.058499,436229120,-31.2913761138916
1739282477.0592265,436491264,-31.057018280029297
1739282487.0595198,436752384,-31.539186477661133
1739282497.0634952,436954112,-31.624462127685547
1739282507.0574503,437225472,-32.18415832519531
1739282517.0602288,437486592,-32.690208435058594
1739282527.9072535,437710848,-33.362857818603516
1739282537.0599136,437946368,-31.606321334838867
1739282547.0580838,438201344,-31.65675926208496
1739282557.0611143,438454272,-31.88201332092285
1739282567.0604928,438626304,-33.24753952026367
1739282577.0618777,438890496,-33.659095764160156
1739282587.061033,439150592,-32.65908432006836
1739282597.0611238,439361536,-32.58345031738281
1739282607.0592465,439627776,-31.699321746826172
1739282617.059297,439901184,-31.23129653930664
1739282627.0688753,440166400,-32.13046646118164
1739282637.0595567,440369152,-32.69545364379883
1739282647.0623536,440628224,-32.44772720336914
1739282657.0647266,440890368,-32.16389846801758
1739282667.0599341,441105408,-32.00971984863281
1739282677.0606713,441367552,-33.12272262573242
1739282687.0594406,441628672,-31.18590545654297
1739282698.660754,441882624,-31.642526626586914
1739282707.060099,442099712,-31.365577697753906
1739282717.0586154,442358784,-32.009742736816406
1739282727.0603545,442617856,-31.780330657958984
1739282737.0583537,442830848,-31.340503692626953
1739282747.0584023,443094016,-31.396337509155273
1739282757.0632844,443339776,-30.059877395629883
1739282767.0611935,443516928,-31.36600112915039
1739282777.0593145,443772928,-31.793975830078125
1739282787.0597796,444036096,-32.483524322509766
